title,slug,link,match_title,match_year,seen
Le Million (1931),le-million,https://letterboxd.com/film/le-million/,le million,1931,False
The Story of a Cheat (1936),the-story-of-a-cheat,https://letterboxd.com/film/the-story-of-a-cheat/,the story of a cheat,1936,False
Camille (1936),camille-1936,https://letterboxd.com/film/camille-1936/,camille,1936,False
Make Way for Tomorrow (1937),make-way-for-tomorrow,https://letterboxd.com/film/make-way-for-tomorrow/,make way for tomorrow,1937,False
Captains Courageous (1937),captains-courageous,https://letterboxd.com/film/captains-courageous/,captains courageous,1937,False
Stella Dallas (1937),stella-dallas,https://letterboxd.com/film/stella-dallas/,stella dallas,1937,False
The Life of Emile Zola (1937),the-life-of-emile-zola,https://letterboxd.com/film/the-life-of-emile-zola/,the life of emile zola,1937,False
The Awful Truth (1937),the-awful-truth,https://letterboxd.com/film/the-awful-truth/,the awful truth,1937,False
Snow White and the Seven Dwarfs (1937),snow-white-and-the-seven-dwarfs,https://letterboxd.com/film/snow-white-and-the-seven-dwarfs/,snow white and the seven dwarfs,1937,False
Bringing Up Baby (1938),bringing-up-baby,https://letterboxd.com/film/bringing-up-baby/,bringing up baby,1938,False
Jezebel (1938),jezebel,https://letterboxd.com/film/jezebel/,jezebel,1938,False
Angels with Dirty Faces (1938),angels-with-dirty-faces,https://letterboxd.com/film/angels-with-dirty-faces/,angels with dirty faces,1938,False
Gunga Din (1939),gunga-din,https://letterboxd.com/film/gunga-din/,gunga din,1939,False
Wuthering Heights (1939),wuthering-heights,https://letterboxd.com/film/wuthering-heights/,wuthering heights,1939,False
Only Angels Have Wings (1939),only-angels-have-wings,https://letterboxd.com/film/only-angels-have-wings/,only angels have wings,1939,False
Babes in Arms (1939),babes-in-arms,https://letterboxd.com/film/babes-in-arms/,babes in arms,1939,False
The Story of the Last Chrysanthemum (1939),the-story-of-the-last-chrysanthemum,https://letterboxd.com/film/the-story-of-the-last-chrysanthemum/,the story of the last chrysanthemum,1939,False
Ninotchka (1939),ninotchka,https://letterboxd.com/film/ninotchka/,ninotchka,1939,False
The Mortal Storm (1940),the-mortal-storm,https://letterboxd.com/film/the-mortal-storm/,the mortal storm,1940,False
"Dance, Girl, Dance (1940)",dance-girl-dance,https://letterboxd.com/film/dance-girl-dance/,"dance, girl, dance",1940,False
The Bank Dick (1940),the-bank-dick,https://letterboxd.com/film/the-bank-dick/,the bank dick,1940,False
High Sierra (1941),high-sierra,https://letterboxd.com/film/high-sierra/,high sierra,1941,False
Sergeant York (1941),sergeant-york,https://letterboxd.com/film/sergeant-york/,sergeant york,1941,False
Dumbo (1941),dumbo,https://letterboxd.com/film/dumbo/,dumbo,1941,False
The Wolf Man (1941),the-wolf-man-1941,https://letterboxd.com/film/the-wolf-man-1941/,the wolf man,1941,False
Yankee Doodle Dandy (1942),yankee-doodle-dandy,https://letterboxd.com/film/yankee-doodle-dandy/,yankee doodle dandy,1942,False
Mrs. Miniver (1942),mrs-miniver,https://letterboxd.com/film/mrs-miniver/,mrs. miniver,1942,False
The Magnificent Ambersons (1942),the-magnificent-ambersons,https://letterboxd.com/film/the-magnificent-ambersons/,the magnificent ambersons,1942,False
The Palm Beach Story (1942),the-palm-beach-story,https://letterboxd.com/film/the-palm-beach-story/,the palm beach story,1942,False
"Now, Voyager (1942)",now-voyager,https://letterboxd.com/film/now-voyager/,"now, voyager",1942,False
Cat People (1942),cat-people,https://letterboxd.com/film/cat-people/,cat people,1942,False
Meshes of the Afternoon (1943),meshes-of-the-afternoon,https://letterboxd.com/film/meshes-of-the-afternoon/,meshes of the afternoon,1943,False
Shadow of a Doubt (1943),shadow-of-a-doubt,https://letterboxd.com/film/shadow-of-a-doubt/,shadow of a doubt,1943,False
The Ox-Bow Incident (1943),the-ox-bow-incident,https://letterboxd.com/film/the-ox-bow-incident/,the ox-bow incident,1943,False
I Walked with a Zombie (1943),i-walked-with-a-zombie,https://letterboxd.com/film/i-walked-with-a-zombie/,i walked with a zombie,1943,False
Fires Were Started (1943),fires-were-started,https://letterboxd.com/film/fires-were-started/,fires were started,1943,False
Obsession (1943),obsession-1943,https://letterboxd.com/film/obsession-1943/,obsession,1943,False
The Life and Death of Colonel Blimp (1943),the-life-and-death-of-colonel-blimp,https://letterboxd.com/film/the-life-and-death-of-colonel-blimp/,the life and death of colonel blimp,1943,False
Double Indemnity (1944),double-indemnity,https://letterboxd.com/film/double-indemnity/,double indemnity,1944,False
To Have and Have Not (1944),to-have-and-have-not,https://letterboxd.com/film/to-have-and-have-not/,to have and have not,1944,False
Henry V (1944),henry-v-1944,https://letterboxd.com/film/henry-v-1944/,henry v,1944,False
"Murder, My Sweet (1944)",murder-my-sweet,https://letterboxd.com/film/murder-my-sweet/,"murder, my sweet",1944,False
"Ivan the Terrible, Part I (1944)",ivan-the-terrible-part-i,https://letterboxd.com/film/ivan-the-terrible-part-i/,"ivan the terrible, part i",1944,False
The Battle of San Pietro (1945),the-battle-of-san-pietro,https://letterboxd.com/film/the-battle-of-san-pietro/,the battle of san pietro,1945,False
"Rome, Open City (1945)",rome-open-city,https://letterboxd.com/film/rome-open-city/,"rome, open city",1945,False
Mildred Pierce (1945),mildred-pierce,https://letterboxd.com/film/mildred-pierce/,mildred pierce,1945,False
Spellbound (1945),spellbound,https://letterboxd.com/film/spellbound/,spellbound,1945,False
Detour (1945),detour,https://letterboxd.com/film/detour/,detour,1945,False
I Know Where I'm Going! (1945),i-know-where-im-going,https://letterboxd.com/film/i-know-where-im-going/,i know where i'm going!,1945,False
Brief Encounter (1945),brief-encounter,https://letterboxd.com/film/brief-encounter/,brief encounter,1945,False
The Lost Weekend (1945),the-lost-weekend,https://letterboxd.com/film/the-lost-weekend/,the lost weekend,1945,False
Gilda (1946),gilda,https://letterboxd.com/film/gilda/,gilda,1946,False
The Postman Always Rings Twice (1946),the-postman-always-rings-twice,https://letterboxd.com/film/the-postman-always-rings-twice/,the postman always rings twice,1946,False
The Stranger (1946),the-stranger,https://letterboxd.com/film/the-stranger/,the stranger,1946,False
The Killers (1946),the-killers,https://letterboxd.com/film/the-killers/,the killers,1946,False
Paisan (1946),paisan,https://letterboxd.com/film/paisan/,paisan,1946,False
A Day in the Country (1946),a-day-in-the-country,https://letterboxd.com/film/a-day-in-the-country/,a day in the country,1946,False
A Matter of Life and Death (1946),a-matter-of-life-and-death,https://letterboxd.com/film/a-matter-of-life-and-death/,a matter of life and death,1946,False
The Best Years of Our Lives (1946),the-best-years-of-our-lives,https://letterboxd.com/film/the-best-years-of-our-lives/,the best years of our lives,1946,False
Great Expectations (1946),great-expectations,https://letterboxd.com/film/great-expectations/,great expectations,1946,False
The Ghost and Mrs. Muir (1947),the-ghost-and-mrs-muir,https://letterboxd.com/film/the-ghost-and-mrs-muir/,the ghost and mrs. muir,1947,False
Out of the Past (1947),out-of-the-past,https://letterboxd.com/film/out-of-the-past/,out of the past,1947,False
The Lady from Shanghai (1947),the-lady-from-shanghai,https://letterboxd.com/film/the-lady-from-shanghai/,the lady from shanghai,1947,False
Spring in a Small Town (1948),spring-in-a-small-town,https://letterboxd.com/film/spring-in-a-small-town/,spring in a small town,1948,False
Letter from an Unknown Woman (1948),letter-from-an-unknown-woman,https://letterboxd.com/film/letter-from-an-unknown-woman/,letter from an unknown woman,1948,False
The Red Shoes (1948),the-red-shoes,https://letterboxd.com/film/the-red-shoes/,the red shoes,1948,False
Louisiana Story (1948),louisiana-story,https://letterboxd.com/film/louisiana-story/,louisiana story,1948,False
The Paleface (1948),the-paleface-1948,https://letterboxd.com/film/the-paleface-1948/,the paleface,1948,False
Whisky Galore! (1949),whisky-galore,https://letterboxd.com/film/whisky-galore/,whisky galore!,1949,False
White Heat (1949),white-heat,https://letterboxd.com/film/white-heat/,white heat,1949,False
The Heiress (1949),the-heiress,https://letterboxd.com/film/the-heiress/,the heiress,1949,False
The Reckless Moment (1949),the-reckless-moment,https://letterboxd.com/film/the-reckless-moment/,the reckless moment,1949,False
Gun Crazy (1950),gun-crazy,https://letterboxd.com/film/gun-crazy/,gun crazy,1950,False
In a Lonely Place (1950),in-a-lonely-place,https://letterboxd.com/film/in-a-lonely-place/,in a lonely place,1950,False
Pandora and the Flying Dutchman (1951),pandora-and-the-flying-dutchman,https://letterboxd.com/film/pandora-and-the-flying-dutchman/,pandora and the flying dutchman,1951,False
Ace in the Hole (1951),ace-in-the-hole,https://letterboxd.com/film/ace-in-the-hole/,ace in the hole,1951,False
The Lavender Hill Mob (1951),the-lavender-hill-mob,https://letterboxd.com/film/the-lavender-hill-mob/,the lavender hill mob,1951,False
Umberto D. (1952),umberto-d,https://letterboxd.com/film/umberto-d/,umberto d.,1952,False
The Quiet Man (1952),the-quiet-man,https://letterboxd.com/film/the-quiet-man/,the quiet man,1952,False
The Big Sky (1952),the-big-sky,https://letterboxd.com/film/the-big-sky/,the big sky,1952,False
Europa '51 (1952),europa-51,https://letterboxd.com/film/europa-51/,europa '51,1952,False
The Golden Coach (1952),the-golden-coach,https://letterboxd.com/film/the-golden-coach/,the golden coach,1952,False
The Bad and the Beautiful (1952),the-bad-and-the-beautiful,https://letterboxd.com/film/the-bad-and-the-beautiful/,the bad and the beautiful,1952,False
Limelight (1952),limelight,https://letterboxd.com/film/limelight/,limelight,1952,False
Angel Face (1952),angel-face,https://letterboxd.com/film/angel-face/,angel face,1952,False
Summer with Monika (1953),summer-with-monika,https://letterboxd.com/film/summer-with-monika/,summer with monika,1953,False
Ugetsu (1953),ugetsu,https://letterboxd.com/film/ugetsu/,ugetsu,1953,False
Shane (1953),shane,https://letterboxd.com/film/shane/,shane,1953,False
Gentlemen Prefer Blondes (1953),gentlemen-prefer-blondes,https://letterboxd.com/film/gentlemen-prefer-blondes/,gentlemen prefer blondes,1953,False
The Band Wagon (1953),the-band-wagon,https://letterboxd.com/film/the-band-wagon/,the band wagon,1953,False
Roman Holiday (1953),roman-holiday,https://letterboxd.com/film/roman-holiday/,roman holiday,1953,False
Beat the Devil (1953),beat-the-devil,https://letterboxd.com/film/beat-the-devil/,beat the devil,1953,False
The Bigamist (1953),the-bigamist,https://letterboxd.com/film/the-bigamist/,the bigamist,1953,False
Salt of the Earth (1954),salt-of-the-earth,https://letterboxd.com/film/salt-of-the-earth/,salt of the earth,1954,False
Sansho the Bailiff (1954),sansho-the-bailiff,https://letterboxd.com/film/sansho-the-bailiff/,sansho the bailiff,1954,False
Johnny Guitar (1954),johnny-guitar,https://letterboxd.com/film/johnny-guitar/,johnny guitar,1954,False
On the Waterfront (1954),on-the-waterfront,https://letterboxd.com/film/on-the-waterfront/,on the waterfront,1954,False
Seven Brides for Seven Brothers (1954),seven-brides-for-seven-brothers,https://letterboxd.com/film/seven-brides-for-seven-brothers/,seven brides for seven brothers,1954,False
Senso (1954),senso,https://letterboxd.com/film/senso/,senso,1954,False
Journey to Italy (1954),journey-to-italy,https://letterboxd.com/film/journey-to-italy/,journey to italy,1954,False
A Star Is Born (1954),a-star-is-born-1954,https://letterboxd.com/film/a-star-is-born-1954/,a star is born,1954,False
Carmen Jones (1954),carmen-jones,https://letterboxd.com/film/carmen-jones/,carmen jones,1954,False
Animal Farm (1954),animal-farm,https://letterboxd.com/film/animal-farm/,animal farm,1954,False
Marty (1955),marty,https://letterboxd.com/film/marty/,marty,1955,False
The Man from Laramie (1955),the-man-from-laramie,https://letterboxd.com/film/the-man-from-laramie/,the man from laramie,1955,False
The Phenix City Story (1955),the-phenix-city-story,https://letterboxd.com/film/the-phenix-city-story/,the phenix city story,1955,False
The Mad Masters (1955),the-mad-masters,https://letterboxd.com/film/the-mad-masters/,the mad masters,1955,False
All That Heaven Allows (1955),all-that-heaven-allows,https://letterboxd.com/film/all-that-heaven-allows/,all that heaven allows,1955,False
Pather Panchali (1955),pather-panchali,https://letterboxd.com/film/pather-panchali/,pather panchali,1955,False
Oklahoma! (1955),oklahoma,https://letterboxd.com/film/oklahoma/,oklahoma!,1955,False
Hill 24 Doesn't Answer (1955),hill-24-doesnt-answer,https://letterboxd.com/film/hill-24-doesnt-answer/,hill 24 doesn't answer,1955,False
Artists and Models (1955),artists-and-models,https://letterboxd.com/film/artists-and-models/,artists and models,1955,False
Lola Montès (1955),lola-montes,https://letterboxd.com/film/lola-montes/,lola montès,1955,False
Smiles of a Summer Night (1955),smiles-of-a-summer-night,https://letterboxd.com/film/smiles-of-a-summer-night/,smiles of a summer night,1955,False
The Burmese Harp (1956),the-burmese-harp,https://letterboxd.com/film/the-burmese-harp/,the burmese harp,1956,False
Forbidden Planet (1956),forbidden-planet,https://letterboxd.com/film/forbidden-planet/,forbidden planet,1956,False
The Man Who Knew Too Much (1956),the-man-who-knew-too-much-1956,https://letterboxd.com/film/the-man-who-knew-too-much-1956/,the man who knew too much,1956,False
High Society (1956),high-society,https://letterboxd.com/film/high-society/,high society,1956,False
Bigger Than Life (1956),bigger-than-life,https://letterboxd.com/film/bigger-than-life/,bigger than life,1956,False
Written on the Wind (1956),written-on-the-wind,https://letterboxd.com/film/written-on-the-wind/,written on the wind,1956,False
Giant (1956),giant,https://letterboxd.com/film/giant/,giant,1956,False
Aparajito (1956),aparajito,https://letterboxd.com/film/aparajito/,aparajito,1956,False
A Man Escaped (1956),a-man-escaped,https://letterboxd.com/film/a-man-escaped/,a man escaped,1956,False
Throne of Blood (1957),throne-of-blood,https://letterboxd.com/film/throne-of-blood/,throne of blood,1957,False
Mother India (1957),mother-india,https://letterboxd.com/film/mother-india/,mother india,1957,False
Nights of Cabiria (1957),nights-of-cabiria,https://letterboxd.com/film/nights-of-cabiria/,nights of cabiria,1957,False
The Cranes Are Flying (1957),the-cranes-are-flying,https://letterboxd.com/film/the-cranes-are-flying/,the cranes are flying,1957,False
Wild Strawberries (1957),wild-strawberries,https://letterboxd.com/film/wild-strawberries/,wild strawberries,1957,False
Gigi (1958),gigi,https://letterboxd.com/film/gigi/,gigi,1958,False
Cairo Station (1958),cairo-station,https://letterboxd.com/film/cairo-station/,cairo station,1958,False
The Defiant Ones (1958),the-defiant-ones,https://letterboxd.com/film/the-defiant-ones/,the defiant ones,1958,False
"Ivan the Terrible, Part II: The Boyars' Plot (1958)",ivan-the-terrible-part-ii-the-boyars-plot,https://letterboxd.com/film/ivan-the-terrible-part-ii-the-boyars-plot/,"ivan the terrible, part ii: the boyars' plot",1958,False
Man of the West (1958),man-of-the-west,https://letterboxd.com/film/man-of-the-west/,man of the west,1958,False
Ashes and Diamonds (1958),ashes-and-diamonds,https://letterboxd.com/film/ashes-and-diamonds/,ashes and diamonds,1958,False
The Music Room (1958),the-music-room,https://letterboxd.com/film/the-music-room/,the music room,1958,False
Ride Lonesome (1959),ride-lonesome,https://letterboxd.com/film/ride-lonesome/,ride lonesome,1959,False
Rio Bravo (1959),rio-bravo,https://letterboxd.com/film/rio-bravo/,rio bravo,1959,False
Apur Sansar (1959),apur-sansar,https://letterboxd.com/film/apur-sansar/,apur sansar,1959,False
Black Orpheus (1959),black-orpheus,https://letterboxd.com/film/black-orpheus/,black orpheus,1959,False
Shadows (1958),shadows-1958,https://letterboxd.com/film/shadows-1958/,shadows,1958,False
The Cloud-Capped Star (1960),the-cloud-capped-star,https://letterboxd.com/film/the-cloud-capped-star/,the cloud-capped star,1960,False
The Young One (1960),the-young-one,https://letterboxd.com/film/the-young-one/,the young one,1960,False
Rocco and His Brothers (1960),rocco-and-his-brothers,https://letterboxd.com/film/rocco-and-his-brothers/,rocco and his brothers,1960,False
Saturday Night and Sunday Morning (1960),saturday-night-and-sunday-morning,https://letterboxd.com/film/saturday-night-and-sunday-morning/,saturday night and sunday morning,1960,False
The Housemaid (1960),the-housemaid,https://letterboxd.com/film/the-housemaid/,the housemaid,1960,False
One-Eyed Jacks (1961),one-eyed-jacks,https://letterboxd.com/film/one-eyed-jacks/,one-eyed jacks,1961,False
Chronicle of a Summer (1961),chronicle-of-a-summer,https://letterboxd.com/film/chronicle-of-a-summer/,chronicle of a summer,1961,False
Last Year at Marienbad (1961),last-year-at-marienbad,https://letterboxd.com/film/last-year-at-marienbad/,last year at marienbad,1961,False
Through a Glass Darkly (1961),through-a-glass-darkly,https://letterboxd.com/film/through-a-glass-darkly/,through a glass darkly,1961,False
The Ladies Man (1961),the-ladies-man-1961,https://letterboxd.com/film/the-ladies-man-1961/,the ladies man,1961,False
The Exiles (1961),the-exiles,https://letterboxd.com/film/the-exiles/,the exiles,1961,False
The Hustler (1961),the-hustler,https://letterboxd.com/film/the-hustler/,the hustler,1961,False
Heaven and Earth Magic (1962),heaven-and-earth-magic,https://letterboxd.com/film/heaven-and-earth-magic/,heaven and earth magic,1962,False
Cléo from 5 to 7 (1962),cleo-from-5-to-7,https://letterboxd.com/film/cleo-from-5-to-7/,cléo from 5 to 7,1962,False
The Given Word (1962),the-given-word,https://letterboxd.com/film/the-given-word/,the given word,1962,False
The Exterminating Angel (1962),the-exterminating-angel,https://letterboxd.com/film/the-exterminating-angel/,the exterminating angel,1962,False
Lolita (1962),lolita,https://letterboxd.com/film/lolita/,lolita,1962,False
Vivre Sa Vie (1962),vivre-sa-vie,https://letterboxd.com/film/vivre-sa-vie/,vivre sa vie,1962,False
The Manchurian Candidate (1962),the-manchurian-candidate,https://letterboxd.com/film/the-manchurian-candidate/,the manchurian candidate,1962,False
An Autumn Afternoon (1962),an-autumn-afternoon,https://letterboxd.com/film/an-autumn-afternoon/,an autumn afternoon,1962,False
Lawrence of Arabia (1962),lawrence-of-arabia,https://letterboxd.com/film/lawrence-of-arabia/,lawrence of arabia,1962,False
Harakiri (1962),harakiri,https://letterboxd.com/film/harakiri/,harakiri,1962,False
The House Is Black (1963),the-house-is-black,https://letterboxd.com/film/the-house-is-black/,the house is black,1963,False
An Actor's Revenge (1963),an-actors-revenge,https://letterboxd.com/film/an-actors-revenge/,an actor's revenge,1963,False
Winter Light (1963),winter-light,https://letterboxd.com/film/winter-light/,winter light,1963,False
Blonde Cobra (1963),blonde-cobra,https://letterboxd.com/film/blonde-cobra/,blonde cobra,1963,False
Méditerranée (1963),mediterranee,https://letterboxd.com/film/mediterranee/,méditerranée,1963,False
Flaming Creatures (1963),flaming-creatures,https://letterboxd.com/film/flaming-creatures/,flaming creatures,1963,False
The Haunting (1963),the-haunting,https://letterboxd.com/film/the-haunting/,the haunting,1963,False
Barren Lives (1963),barren-lives,https://letterboxd.com/film/barren-lives/,barren lives,1963,False
The Cool World (1963),the-cool-world,https://letterboxd.com/film/the-cool-world/,the cool world,1963,False
The Servant (1963),the-servant,https://letterboxd.com/film/the-servant/,the servant,1963,False
Passenger (1963),passenger,https://letterboxd.com/film/passenger/,passenger,1963,False
High and Low (1963),high-and-low,https://letterboxd.com/film/high-and-low/,high and low,1963,False
Woman in the Dunes (1964),woman-in-the-dunes,https://letterboxd.com/film/woman-in-the-dunes/,woman in the dunes,1964,False
"Black God, White Devil (1964)",black-god-white-devil,https://letterboxd.com/film/black-god-white-devil/,"black god, white devil",1964,False
Before the Revolution (1964),before-the-revolution,https://letterboxd.com/film/before-the-revolution/,before the revolution,1964,False
The Masque of the Red Death (1964),the-masque-of-the-red-death,https://letterboxd.com/film/the-masque-of-the-red-death/,the masque of the red death,1964,False
Marnie (1964),marnie,https://letterboxd.com/film/marnie/,marnie,1964,False
The Gospel According to St. Matthew (1964),the-gospel-according-to-st-matthew,https://letterboxd.com/film/the-gospel-according-to-st-matthew/,the gospel according to st. matthew,1964,False
My Fair Lady (1964),my-fair-lady,https://letterboxd.com/film/my-fair-lady/,my fair lady,1964,False
Gertrud (1964),gertrud,https://letterboxd.com/film/gertrud/,gertrud,1964,False
The Saragossa Manuscript (1965),the-saragossa-manuscript,https://letterboxd.com/film/the-saragossa-manuscript/,the saragossa manuscript,1965,False
Dog Star Man (1965),dog-star-man,https://letterboxd.com/film/dog-star-man/,dog star man,1965,False
Chimes at Midnight (1965),chimes-at-midnight,https://letterboxd.com/film/chimes-at-midnight/,chimes at midnight,1965,False
Tokyo Olympiad (1965),tokyo-olympiad,https://letterboxd.com/film/tokyo-olympiad/,tokyo olympiad,1965,False
The Shop on Main Street (1965),the-shop-on-main-street,https://letterboxd.com/film/the-shop-on-main-street/,the shop on main street,1965,False
Vinyl (1965),vinyl,https://letterboxd.com/film/vinyl/,vinyl,1965,False
"Faster, Pussycat! Kill! Kill! (1965)",faster-pussycat-kill-kill,https://letterboxd.com/film/faster-pussycat-kill-kill/,"faster, pussycat! kill! kill!",1965,False
Shadows of Forgotten Ancestors (1965),shadows-of-forgotten-ancestors,https://letterboxd.com/film/shadows-of-forgotten-ancestors/,shadows of forgotten ancestors,1965,False
The Golden Thread (1965),the-golden-thread-1965,https://letterboxd.com/film/the-golden-thread-1965/,the golden thread,1965,False
Juliet of the Spirits (1965),juliet-of-the-spirits,https://letterboxd.com/film/juliet-of-the-spirits/,juliet of the spirits,1965,False
Masculin Féminin (1966),masculin-feminin,https://letterboxd.com/film/masculin-feminin/,masculin féminin,1966,False
Come Drink with Me (1966),come-drink-with-me,https://letterboxd.com/film/come-drink-with-me/,come drink with me,1966,False
The War Game (1966),the-war-game,https://letterboxd.com/film/the-war-game/,the war game,1966,False
Hold Me While I'm Naked (1966),hold-me-while-im-naked,https://letterboxd.com/film/hold-me-while-im-naked/,hold me while i'm naked,1966,False
Seconds (1966),seconds,https://letterboxd.com/film/seconds/,seconds,1966,False
Au Hasard Balthazar (1966),au-hasard-balthazar,https://letterboxd.com/film/au-hasard-balthazar/,au hasard balthazar,1966,False
The Battle of Algiers (1966),the-battle-of-algiers,https://letterboxd.com/film/the-battle-of-algiers/,the battle of algiers,1966,False
The Man Who Had His Hair Cut Short (1966),the-man-who-had-his-hair-cut-short,https://letterboxd.com/film/the-man-who-had-his-hair-cut-short/,the man who had his hair cut short,1966,False
Persona (1966),persona,https://letterboxd.com/film/persona/,persona,1966,False
Andrei Rublev (1966),andrei-rublev,https://letterboxd.com/film/andrei-rublev/,andrei rublev,1966,False
David Holzman's Diary (1967),david-holzmans-diary,https://letterboxd.com/film/david-holzmans-diary/,david holzman's diary,1967,False
Hombre (1967),hombre,https://letterboxd.com/film/hombre/,hombre,1967,False
Entranced Earth (1967),entranced-earth,https://letterboxd.com/film/entranced-earth/,entranced earth,1967,False
Report (1967),report,https://letterboxd.com/film/report/,report,1967,False
Point Blank (1967),point-blank,https://letterboxd.com/film/point-blank/,point blank,1967,False
The Jungle Book (1967),the-jungle-book,https://letterboxd.com/film/the-jungle-book/,the jungle book,1967,False
The Red and the White (1967),the-red-and-the-white,https://letterboxd.com/film/the-red-and-the-white/,the red and the white,1967,False
Viy (1967),viy,https://letterboxd.com/film/viy/,viy,1967,False
The Firemen's Ball (1967),the-firemens-ball,https://letterboxd.com/film/the-firemens-ball/,the firemen's ball,1967,False
PlayTime (1967),playtime,https://letterboxd.com/film/playtime/,playtime,1967,False
The Graduate (1967),the-graduate,https://letterboxd.com/film/the-graduate/,the graduate,1967,False
Wavelength (1967),wavelength-1967,https://letterboxd.com/film/wavelength-1967/,wavelength,1967,False
Weekend (1967),weekend-1967,https://letterboxd.com/film/weekend-1967/,weekend,1967,False
Hour of the Wolf (1968),hour-of-the-wolf,https://letterboxd.com/film/hour-of-the-wolf/,hour of the wolf,1968,False
High School (1968),high-school,https://letterboxd.com/film/high-school/,high school,1968,False
Targets (1968),targets,https://letterboxd.com/film/targets/,targets,1968,False
Memories of Underdevelopment (1968),memories-of-underdevelopment,https://letterboxd.com/film/memories-of-underdevelopment/,memories of underdevelopment,1968,False
Shame (1968),shame,https://letterboxd.com/film/shame/,shame,1968,False
Lucía (1968),lucia,https://letterboxd.com/film/lucia/,lucía,1968,False
Faces (1968),faces-1968,https://letterboxd.com/film/faces-1968/,faces,1968,False
The Cow (1969),the-cow-1969,https://letterboxd.com/film/the-cow-1969/,the cow,1969,False
My Night at Maud's (1969),my-night-at-mauds,https://letterboxd.com/film/my-night-at-mauds/,my night at maud's,1969,False
Satyricon (1969),satyricon-1969,https://letterboxd.com/film/satyricon-1969/,satyricon,1969,False
The Color of Pomegranates (1969),the-color-of-pomegranates,https://letterboxd.com/film/the-color-of-pomegranates/,the color of pomegranates,1969,False
Kes (1969),kes,https://letterboxd.com/film/kes/,kes,1969,False
The Ear (1970),the-ear,https://letterboxd.com/film/the-ear/,the ear,1970,False
Patton (1970),patton,https://letterboxd.com/film/patton/,patton,1970,False
Woodstock (1970),woodstock,https://letterboxd.com/film/woodstock/,woodstock,1970,False
Wanda (1970),wanda,https://letterboxd.com/film/wanda/,wanda,1970,False
The Spider's Stratagem (1970),the-spiders-stratagem,https://letterboxd.com/film/the-spiders-stratagem/,the spider's stratagem,1970,False
Deep End (1970),deep-end,https://letterboxd.com/film/deep-end/,deep end,1970,False
The Garden of the Finzi-Continis (1970),the-garden-of-the-finzi-continis,https://letterboxd.com/film/the-garden-of-the-finzi-continis/,the garden of the finzi-continis,1970,False
How the Cossacks Played Football (1970),how-the-cossacks-played-football,https://letterboxd.com/film/how-the-cossacks-played-football/,how the cossacks played football,1970,False
Sweet Sweetback's Baadasssss Song (1971),sweet-sweetbacks-baadasssss-song,https://letterboxd.com/film/sweet-sweetbacks-baadasssss-song/,sweet sweetback's baadasssss song,1971,False
WR: Mysteries of the Organism (1971),wr-mysteries-of-the-organism,https://letterboxd.com/film/wr-mysteries-of-the-organism/,wr: mysteries of the organism,1971,False
Willy Wonka & the Chocolate Factory (1971),willy-wonka-the-chocolate-factory,https://letterboxd.com/film/willy-wonka-the-chocolate-factory/,willy wonka & the chocolate factory,1971,False
Walkabout (1971),walkabout,https://letterboxd.com/film/walkabout/,walkabout,1971,False
Two-Lane Blacktop (1971),two-lane-blacktop,https://letterboxd.com/film/two-lane-blacktop/,two-lane blacktop,1971,False
Wake in Fright (1971),wake-in-fright,https://letterboxd.com/film/wake-in-fright/,wake in fright,1971,False
Straw Dogs (1971),straw-dogs,https://letterboxd.com/film/straw-dogs/,straw dogs,1971,False
Red Psalm (1972),red-psalm,https://letterboxd.com/film/red-psalm/,red psalm,1972,False
Pink Flamingos (1972),pink-flamingos,https://letterboxd.com/film/pink-flamingos/,pink flamingos,1972,False
Solaris (1972),solaris,https://letterboxd.com/film/solaris/,solaris,1972,False
The Harder They Come (1972),the-harder-they-come,https://letterboxd.com/film/the-harder-they-come/,the harder they come,1972,False
The Bitter Tears of Petra von Kant (1972),the-bitter-tears-of-petra-von-kant,https://letterboxd.com/film/the-bitter-tears-of-petra-von-kant/,the bitter tears of petra von kant,1972,False
Super Fly (1972),super-fly,https://letterboxd.com/film/super-fly/,super fly,1972,False
The Discreet Charm of the Bourgeoisie (1972),the-discreet-charm-of-the-bourgeoisie,https://letterboxd.com/film/the-discreet-charm-of-the-bourgeoisie/,the discreet charm of the bourgeoisie,1972,False
The Heartbreak Kid (1972),the-heartbreak-kid-1972,https://letterboxd.com/film/the-heartbreak-kid-1972/,the heartbreak kid,1972,False
The Lost Letter (1972),the-lost-letter-1972,https://letterboxd.com/film/the-lost-letter-1972/,the lost letter,1972,False
Turkish Delight (1973),turkish-delight,https://letterboxd.com/film/turkish-delight/,turkish delight,1973,False
The Mother and the Whore (1973),the-mother-and-the-whore,https://letterboxd.com/film/the-mother-and-the-whore/,the mother and the whore,1973,False
Day for Night (1973),day-for-night,https://letterboxd.com/film/day-for-night/,day for night,1973,False
F for Fake (1973),f-for-fake,https://letterboxd.com/film/f-for-fake/,f for fake,1973,False
The Spirit of the Beehive (1973),the-spirit-of-the-beehive,https://letterboxd.com/film/the-spirit-of-the-beehive/,the spirit of the beehive,1973,False
Badlands (1973),badlands,https://letterboxd.com/film/badlands/,badlands,1973,False
Papillon (1973),papillon,https://letterboxd.com/film/papillon/,papillon,1973,False
Céline and Julie Go Boating (1974),celine-and-julie-go-boating,https://letterboxd.com/film/celine-and-julie-go-boating/,céline and julie go boating,1974,False
A Woman Under the Influence (1974),a-woman-under-the-influence,https://letterboxd.com/film/a-woman-under-the-influence/,a woman under the influence,1974,False
Mirror (1975),mirror,https://letterboxd.com/film/mirror/,mirror,1975,False
India Song (1975),india-song,https://letterboxd.com/film/india-song/,india song,1975,False
Fox and His Friends (1975),fox-and-his-friends,https://letterboxd.com/film/fox-and-his-friends/,fox and his friends,1975,False
Deewaar (1975),deewaar,https://letterboxd.com/film/deewaar/,deewaar,1975,False
Dersu Uzala (1975),dersu-uzala,https://letterboxd.com/film/dersu-uzala/,dersu uzala,1975,False
The Travelling Players (1975),the-travelling-players,https://letterboxd.com/film/the-travelling-players/,the travelling players,1975,False
Manila in the Claws of Light (1975),manila-in-the-claws-of-light,https://letterboxd.com/film/manila-in-the-claws-of-light/,manila in the claws of light,1975,False
The Killing of a Chinese Bookie (1976),the-killing-of-a-chinese-bookie,https://letterboxd.com/film/the-killing-of-a-chinese-bookie/,the killing of a chinese bookie,1976,False
1900 (1976),1900,https://letterboxd.com/film/1900/,1900,1976,False
The Last Wave (1977),the-last-wave,https://letterboxd.com/film/the-last-wave/,the last wave,1977,False
Man of Marble (1977),man-of-marble,https://letterboxd.com/film/man-of-marble/,man of marble,1977,False
The Ascent (1977),the-ascent,https://letterboxd.com/film/the-ascent/,the ascent,1977,False
Ceddo (1977),ceddo,https://letterboxd.com/film/ceddo/,ceddo,1977,False
Last Chants for a Slow Dance (1977),last-chants-for-a-slow-dance,https://letterboxd.com/film/last-chants-for-a-slow-dance/,last chants for a slow dance,1977,False
Soldier of Orange (1977),soldier-of-orange,https://letterboxd.com/film/soldier-of-orange/,soldier of orange,1977,False
Sleeping Dogs (1977),sleeping-dogs,https://letterboxd.com/film/sleeping-dogs/,sleeping dogs,1977,False
The 36th Chamber of Shaolin (1978),the-36th-chamber-of-shaolin,https://letterboxd.com/film/the-36th-chamber-of-shaolin/,the 36th chamber of shaolin,1978,False
Killer of Sheep (1978),killer-of-sheep,https://letterboxd.com/film/killer-of-sheep/,killer of sheep,1978,False
The Tree of Wooden Clogs (1978),the-tree-of-wooden-clogs,https://letterboxd.com/film/the-tree-of-wooden-clogs/,the tree of wooden clogs,1978,False
The Chant of Jimmie Blacksmith (1978),the-chant-of-jimmie-blacksmith,https://letterboxd.com/film/the-chant-of-jimmie-blacksmith/,the chant of jimmie blacksmith,1978,False
The Five Venoms (1978),the-five-venoms,https://letterboxd.com/film/the-five-venoms/,the five venoms,1978,False
The Marriage of Maria Braun (1979),the-marriage-of-maria-braun,https://letterboxd.com/film/the-marriage-of-maria-braun/,the marriage of maria braun,1979,False
Christ Stopped at Eboli (1979),christ-stopped-at-eboli,https://letterboxd.com/film/christ-stopped-at-eboli/,christ stopped at eboli,1979,False
Real Life (1979),real-life,https://letterboxd.com/film/real-life/,real life,1979,False
My Brilliant Career (1979),my-brilliant-career,https://letterboxd.com/film/my-brilliant-career/,my brilliant career,1979,False
The Tin Drum (1979),the-tin-drum,https://letterboxd.com/film/the-tin-drum/,the tin drum,1979,False
Breaking Away (1979),breaking-away,https://letterboxd.com/film/breaking-away/,breaking away,1979,False
Stalker (1979),stalker,https://letterboxd.com/film/stalker/,stalker,1979,False
The Muppet Movie (1979),the-muppet-movie,https://letterboxd.com/film/the-muppet-movie/,the muppet movie,1979,False
The Jerk (1979),the-jerk,https://letterboxd.com/film/the-jerk/,the jerk,1979,False
All That Jazz (1979),all-that-jazz,https://letterboxd.com/film/all-that-jazz/,all that jazz,1979,False
Atlantic City (1980),atlantic-city,https://letterboxd.com/film/atlantic-city/,atlantic city,1980,False
Ordinary People (1980),ordinary-people,https://letterboxd.com/film/ordinary-people/,ordinary people,1980,False
The Taming of the Scoundrel (1980),the-taming-of-the-scoundrel,https://letterboxd.com/film/the-taming-of-the-scoundrel/,the taming of the scoundrel,1980,False
Adventures of Captain Vrungel (1980),adventures-of-captain-vrungel,https://letterboxd.com/film/adventures-of-captain-vrungel/,adventures of captain vrungel,1980,False
Three Brothers (1981),three-brothers,https://letterboxd.com/film/three-brothers/,three brothers,1981,False
Man of Iron (1981),man-of-iron,https://letterboxd.com/film/man-of-iron/,man of iron,1981,False
Gallipoli (1981),gallipoli,https://letterboxd.com/film/gallipoli/,gallipoli,1981,False
Too Early / Too Late (1981),too-early-too-late,https://letterboxd.com/film/too-early-too-late/,too early / too late,1981,False
Reds (1981),reds,https://letterboxd.com/film/reds/,reds,1981,False
A Question of Silence (1982),a-question-of-silence,https://letterboxd.com/film/a-question-of-silence/,a question of silence,1982,False
Diner (1982),diner,https://letterboxd.com/film/diner/,diner,1982,False
Koyaanisqatsi (1982),koyaanisqatsi,https://letterboxd.com/film/koyaanisqatsi/,koyaanisqatsi,1982,False
Fast Times at Ridgemont High (1982),fast-times-at-ridgemont-high,https://letterboxd.com/film/fast-times-at-ridgemont-high/,fast times at ridgemont high,1982,False
The Road (1982),the-road-1982,https://letterboxd.com/film/the-road-1982/,the road,1982,False
The Night of the Shooting Stars (1982),the-night-of-the-shooting-stars,https://letterboxd.com/film/the-night-of-the-shooting-stars/,the night of the shooting stars,1982,False
Utu (1983),utu,https://letterboxd.com/film/utu/,utu,1983,False
Sans Soleil (1983),sans-soleil,https://letterboxd.com/film/sans-soleil/,sans soleil,1983,False
Local Hero (1983),local-hero,https://letterboxd.com/film/local-hero/,local hero,1983,False
The 4th Man (1983),the-4th-man,https://letterboxd.com/film/the-4th-man/,the 4th man,1983,False
The Big Chill (1983),the-big-chill,https://letterboxd.com/film/the-big-chill/,the big chill,1983,False
El Norte (1983),el-norte,https://letterboxd.com/film/el-norte/,el norte,1983,False
A Christmas Story (1983),a-christmas-story-1983,https://letterboxd.com/film/a-christmas-story-1983/,a christmas story,1983,False
Terms of Endearment (1983),terms-of-endearment,https://letterboxd.com/film/terms-of-endearment/,terms of endearment,1983,False
The Official Story (1985),the-official-story,https://letterboxd.com/film/the-official-story/,the official story,1985,False
Shoah (1985),shoah,https://letterboxd.com/film/shoah/,shoah,1985,False
Mishima: A Life in Four Chapters (1985),mishima-a-life-in-four-chapters,https://letterboxd.com/film/mishima-a-life-in-four-chapters/,mishima: a life in four chapters,1985,False
Prizzi's Honor (1985),prizzis-honor,https://letterboxd.com/film/prizzis-honor/,prizzi's honor,1985,False
The Time to Live and the Time to Die (1985),the-time-to-live-and-the-time-to-die,https://letterboxd.com/film/the-time-to-live-and-the-time-to-die/,the time to live and the time to die,1985,False
Sherman's March (1985),shermans-march,https://letterboxd.com/film/shermans-march/,sherman's march,1985,False
Tampopo (1985),tampopo,https://letterboxd.com/film/tampopo/,tampopo,1985,False
The Horse Thief (1986),the-horse-thief,https://letterboxd.com/film/the-horse-thief/,the horse thief,1986,False
Caravaggio (1986),caravaggio,https://letterboxd.com/film/caravaggio/,caravaggio,1986,False
Manhunter (1986),manhunter,https://letterboxd.com/film/manhunter/,manhunter,1986,False
Peking Opera Blues (1986),peking-opera-blues,https://letterboxd.com/film/peking-opera-blues/,peking opera blues,1986,False
Henry: Portrait of a Serial Killer (1986),henry-portrait-of-a-serial-killer,https://letterboxd.com/film/henry-portrait-of-a-serial-killer/,henry: portrait of a serial killer,1986,False
Yeelen (1987),yeelen,https://letterboxd.com/film/yeelen/,yeelen,1987,False
Raising Arizona (1987),raising-arizona,https://letterboxd.com/film/raising-arizona/,raising arizona,1987,False
Withnail & I (1987),withnail-i,https://letterboxd.com/film/withnail-i/,withnail & i,1987,False
Wings of Desire (1987),wings-of-desire,https://letterboxd.com/film/wings-of-desire/,wings of desire,1987,False
RoboCop (1987),robocop,https://letterboxd.com/film/robocop/,robocop,1987,False
A Chinese Ghost Story (1987),a-chinese-ghost-story,https://letterboxd.com/film/a-chinese-ghost-story/,a chinese ghost story,1987,False
The Dead (1987),the-dead,https://letterboxd.com/film/the-dead/,the dead,1987,False
Red Sorghum (1988),red-sorghum,https://letterboxd.com/film/red-sorghum/,red sorghum,1988,False
Housekeeping (1987),housekeeping,https://letterboxd.com/film/housekeeping/,housekeeping,1987,False
Broadcast News (1987),broadcast-news,https://letterboxd.com/film/broadcast-news/,broadcast news,1987,False
"Planes, Trains and Automobiles (1987)",planes-trains-and-automobiles,https://letterboxd.com/film/planes-trains-and-automobiles/,"planes, trains and automobiles",1987,False
"Distant Voices, Still Lives (1988)",distant-voices-still-lives,https://letterboxd.com/film/distant-voices-still-lives/,"distant voices, still lives",1988,False
Big (1988),big,https://letterboxd.com/film/big/,big,1988,False
The Thin Blue Line (1988),the-thin-blue-line,https://letterboxd.com/film/the-thin-blue-line/,the thin blue line,1988,False
The Vanishing (1988),the-vanishing,https://letterboxd.com/film/the-vanishing/,the vanishing,1988,False
Landscape in the Mist (1988),landscape-in-the-mist,https://letterboxd.com/film/landscape-in-the-mist/,landscape in the mist,1988,False
A Tale of the Wind (1988),a-tale-of-the-wind,https://letterboxd.com/film/a-tale-of-the-wind/,a tale of the wind,1988,False
Drowning by Numbers (1988),drowning-by-numbers,https://letterboxd.com/film/drowning-by-numbers/,drowning by numbers,1988,False
Ariel (1988),ariel,https://letterboxd.com/film/ariel/,ariel,1988,False
Hôtel Terminus: The Life and Times of Klaus Barbie (1988),hotel-terminus-the-life-and-times-of-klaus-barbie,https://letterboxd.com/film/hotel-terminus-the-life-and-times-of-klaus-barbie/,hôtel terminus: the life and times of klaus barbie,1988,False
Dangerous Liaisons (1988),dangerous-liaisons,https://letterboxd.com/film/dangerous-liaisons/,dangerous liaisons,1988,False
The Accidental Tourist (1988),the-accidental-tourist,https://letterboxd.com/film/the-accidental-tourist/,the accidental tourist,1988,False
The Unbelievable Truth (1989),the-unbelievable-truth,https://letterboxd.com/film/the-unbelievable-truth/,the unbelievable truth,1989,False
My Left Foot: The Story of Christy Brown (1989),my-left-foot-the-story-of-christy-brown,https://letterboxd.com/film/my-left-foot-the-story-of-christy-brown/,my left foot: the story of christy brown,1989,False
Say Anything... (1989),say-anything,https://letterboxd.com/film/say-anything/,say anything...,1989,False
Tetsuo: The Iron Man (1989),tetsuo-the-iron-man,https://letterboxd.com/film/tetsuo-the-iron-man/,tetsuo: the iron man,1989,False
Tongues Untied (1989),tongues-untied,https://letterboxd.com/film/tongues-untied/,tongues untied,1989,False
The Killer (1989),the-killer,https://letterboxd.com/film/the-killer/,the killer,1989,False
Roger & Me (1989),roger-me,https://letterboxd.com/film/roger-me/,roger & me,1989,False
Drugstore Cowboy (1989),drugstore-cowboy,https://letterboxd.com/film/drugstore-cowboy/,drugstore cowboy,1989,False
"The Cook, the Thief, His Wife & Her Lover (1989)",the-cook-the-thief-his-wife-her-lover,https://letterboxd.com/film/the-cook-the-thief-his-wife-her-lover/,"the cook, the thief, his wife & her lover",1989,False
A City of Sadness (1989),a-city-of-sadness,https://letterboxd.com/film/a-city-of-sadness/,a city of sadness,1989,False
The Asthenic Syndrome (1989),the-asthenic-syndrome,https://letterboxd.com/film/the-asthenic-syndrome/,the asthenic syndrome,1989,False
Dekalog (1989),dekalog,https://letterboxd.com/film/dekalog/,dekalog,1989,False
Treasure Island (1989),treasure-island-1989,https://letterboxd.com/film/treasure-island-1989/,treasure island,1989,False
Glory (1989),glory,https://letterboxd.com/film/glory/,glory,1989,False
Close-Up (1990),close-up,https://letterboxd.com/film/close-up/,close-up,1990,False
Total Recall (1990),total-recall,https://letterboxd.com/film/total-recall/,total recall,1990,False
Archangel (1990),archangel-1990,https://letterboxd.com/film/archangel-1990/,archangel,1990,False
Trust (1990),trust,https://letterboxd.com/film/trust/,trust,1990,False
Reversal of Fortune (1990),reversal-of-fortune,https://letterboxd.com/film/reversal-of-fortune/,reversal of fortune,1990,False
Europa Europa (1990),europa-europa,https://letterboxd.com/film/europa-europa/,europa europa,1990,False
Home Alone (1990),home-alone,https://letterboxd.com/film/home-alone/,home alone,1990,False
The Rapture (1991),the-rapture,https://letterboxd.com/film/the-rapture/,the rapture,1991,False
A Brighter Summer Day (1991),a-brighter-summer-day,https://letterboxd.com/film/a-brighter-summer-day/,a brighter summer day,1991,False
Once Upon a Time in China (1991),once-upon-a-time-in-china,https://letterboxd.com/film/once-upon-a-time-in-china/,once upon a time in china,1991,False
Hearts of Darkness: A Filmmaker's Apocalypse (1991),hearts-of-darkness-a-filmmakers-apocalypse,https://letterboxd.com/film/hearts-of-darkness-a-filmmakers-apocalypse/,hearts of darkness: a filmmaker's apocalypse,1991,False
Raise the Red Lantern (1991),raise-the-red-lantern,https://letterboxd.com/film/raise-the-red-lantern/,raise the red lantern,1991,False
Center Stage (1991),center-stage-1991,https://letterboxd.com/film/center-stage-1991/,center stage,1991,False
Naked Lunch (1991),naked-lunch,https://letterboxd.com/film/naked-lunch/,naked lunch,1991,False
Eneida (1991),eneida-1991,https://letterboxd.com/film/eneida-1991/,eneida,1991,False
Romper Stomper (1992),romper-stomper,https://letterboxd.com/film/romper-stomper/,romper stomper,1992,False
Strictly Ballroom (1992),strictly-ballroom,https://letterboxd.com/film/strictly-ballroom/,strictly ballroom,1992,False
The Crying Game (1992),the-crying-game,https://letterboxd.com/film/the-crying-game/,the crying game,1992,False
Candyman (1992),candyman,https://letterboxd.com/film/candyman/,candyman,1992,False
Aileen Wuornos: The Selling of a Serial Killer (1992),aileen-wuornos-the-selling-of-a-serial-killer,https://letterboxd.com/film/aileen-wuornos-the-selling-of-a-serial-killer/,aileen wuornos: the selling of a serial killer,1992,False
Aladdin (1992),aladdin,https://letterboxd.com/film/aladdin/,aladdin,1992,False
Malcolm X (1992),malcolm-x-1992,https://letterboxd.com/film/malcolm-x-1992/,malcolm x,1992,False
Bram Stoker's Dracula (1992),bram-stokers-dracula,https://letterboxd.com/film/bram-stokers-dracula/,bram stoker's dracula,1992,False
Farewell My Concubine (1993),farewell-my-concubine,https://letterboxd.com/film/farewell-my-concubine/,farewell my concubine,1993,False
The Wedding Banquet (1993),the-wedding-banquet,https://letterboxd.com/film/the-wedding-banquet/,the wedding banquet,1993,False
The Blue Kite (1993),the-blue-kite,https://letterboxd.com/film/the-blue-kite/,the blue kite,1993,False
The Puppetmaster (1993),the-puppetmaster,https://letterboxd.com/film/the-puppetmaster/,the puppetmaster,1993,False
The Age of Innocence (1993),the-age-of-innocence,https://letterboxd.com/film/the-age-of-innocence/,the age of innocence,1993,False
Dear Diary (1993),dear-diary-1993,https://letterboxd.com/film/dear-diary-1993/,dear diary,1993,False
Lamerica (1994),lamerica,https://letterboxd.com/film/lamerica/,lamerica,1994,False
Through the Olive Trees (1994),through-the-olive-trees,https://letterboxd.com/film/through-the-olive-trees/,through the olive trees,1994,False
Wild Reeds (1994),wild-reeds,https://letterboxd.com/film/wild-reeds/,wild reeds,1994,False
Natural Born Killers (1994),natural-born-killers,https://letterboxd.com/film/natural-born-killers/,natural born killers,1994,False
Heavenly Creatures (1994),heavenly-creatures,https://letterboxd.com/film/heavenly-creatures/,heavenly creatures,1994,False
Crumb (1994),crumb,https://letterboxd.com/film/crumb/,crumb,1994,False
Hoop Dreams (1994),hoop-dreams,https://letterboxd.com/film/hoop-dreams/,hoop dreams,1994,False
The Kingdom (1994),the-kingdom,https://letterboxd.com/film/the-kingdom/,the kingdom,1994,False
Twin Sitters (1994),twin-sitters,https://letterboxd.com/film/twin-sitters/,twin sitters,1994,False
Ace Ventura: Pet Detective (1994),ace-ventura-pet-detective,https://letterboxd.com/film/ace-ventura-pet-detective/,ace ventura: pet detective,1994,False
The Mask (1994),the-mask-1994,https://letterboxd.com/film/the-mask-1994/,the mask,1994,False
Speed (1994),speed,https://letterboxd.com/film/speed/,speed,1994,False
The White Balloon (1995),the-white-balloon,https://letterboxd.com/film/the-white-balloon/,the white balloon,1995,False
Underground (1995),underground-1995,https://letterboxd.com/film/underground-1995/,underground,1995,False
Smoke (1995),smoke,https://letterboxd.com/film/smoke/,smoke,1995,False
Zero Kelvin (1995),zero-kelvin,https://letterboxd.com/film/zero-kelvin/,zero kelvin,1995,False
Strange Days (1995),strange-days,https://letterboxd.com/film/strange-days/,strange days,1995,False
Dilwale Dulhania Le Jayenge (1995),dilwale-dulhania-le-jayenge,https://letterboxd.com/film/dilwale-dulhania-le-jayenge/,dilwale dulhania le jayenge,1995,False
Four Rooms (1995),four-rooms,https://letterboxd.com/film/four-rooms/,four rooms,1995,False
Before Sunrise (1995),before-sunrise,https://letterboxd.com/film/before-sunrise/,before sunrise,1995,False
The Pillow Book (1995),the-pillow-book,https://letterboxd.com/film/the-pillow-book/,the pillow book,1995,False
Deseret (1996),deseret,https://letterboxd.com/film/deseret/,deseret,1996,False
Three Lives and Only One Death (1996),three-lives-and-only-one-death,https://letterboxd.com/film/three-lives-and-only-one-death/,three lives and only one death,1996,False
Gabbeh (1996),gabbeh,https://letterboxd.com/film/gabbeh/,gabbeh,1996,False
The English Patient (1996),the-english-patient,https://letterboxd.com/film/the-english-patient/,the english patient,1996,False
Mother and Son (1997),mother-and-son,https://letterboxd.com/film/mother-and-son/,mother and son,1997,False
Taste of Cherry (1997),taste-of-cherry,https://letterboxd.com/film/taste-of-cherry/,taste of cherry,1997,False
Happy Together (1997),happy-together-1997,https://letterboxd.com/film/happy-together-1997/,happy together,1997,False
The Butcher Boy (1997),the-butcher-boy-1997,https://letterboxd.com/film/the-butcher-boy-1997/,the butcher boy,1997,False
"Fast, Cheap & Out of Control (1997)",fast-cheap-out-of-control,https://letterboxd.com/film/fast-cheap-out-of-control/,"fast, cheap & out of control",1997,False
Deconstructing Harry (1997),deconstructing-harry,https://letterboxd.com/film/deconstructing-harry/,deconstructing harry,1997,False
Neon Genesis Evangelion: The End of Evangelion (1997),neon-genesis-evangelion-the-end-of-evangelion,https://letterboxd.com/film/neon-genesis-evangelion-the-end-of-evangelion/,neon genesis evangelion: the end of evangelion,1997,False
Kundun (1997),kundun,https://letterboxd.com/film/kundun/,kundun,1997,False
The Idiots (1998),the-idiots,https://letterboxd.com/film/the-idiots/,the idiots,1998,False
Sombre (1998),sombre,https://letterboxd.com/film/sombre/,sombre,1998,False
Rush Hour (1998),rush-hour,https://letterboxd.com/film/rush-hour/,rush hour,1998,False
Time Regained (1999),time-regained,https://letterboxd.com/film/time-regained/,time regained,1999,False
Rosetta (1999),rosetta,https://letterboxd.com/film/rosetta/,rosetta,1999,False
Beau Travail (1999),beau-travail,https://letterboxd.com/film/beau-travail/,beau travail,1999,False
Eyes Wide Shut (1999),eyes-wide-shut,https://letterboxd.com/film/eyes-wide-shut/,eyes wide shut,1999,False
The Wind Will Carry Us (1999),the-wind-will-carry-us,https://letterboxd.com/film/the-wind-will-carry-us/,the wind will carry us,1999,False
Attack the Gas Station! (1999),attack-the-gas-station,https://letterboxd.com/film/attack-the-gas-station/,attack the gas station!,1999,False
Audition (1999),audition,https://letterboxd.com/film/audition/,audition,1999,False
Stuart Little (1999),stuart-little,https://letterboxd.com/film/stuart-little/,stuart little,1999,False
Man on the Moon (1999),man-on-the-moon,https://letterboxd.com/film/man-on-the-moon/,man on the moon,1999,False
The Iron Giant (1999),the-iron-giant,https://letterboxd.com/film/the-iron-giant/,the iron giant,1999,False
Taboo (1999),taboo-1999,https://letterboxd.com/film/taboo-1999/,taboo,1999,False
Ali Zaoua: Prince of the Streets (2000),ali-zaoua-prince-of-the-streets,https://letterboxd.com/film/ali-zaoua-prince-of-the-streets/,ali zaoua: prince of the streets,2000,False
Signs & Wonders (2000),signs-wonders,https://letterboxd.com/film/signs-wonders/,signs & wonders,2000,False
The Captive (2000),the-captive,https://letterboxd.com/film/the-captive/,the captive,2000,False
Kippur (2000),kippur,https://letterboxd.com/film/kippur/,kippur,2000,False
The Gleaners and I (2000),the-gleaners-and-i,https://letterboxd.com/film/the-gleaners-and-i/,the gleaners and i,2000,False
Nine Queens (2000),nine-queens,https://letterboxd.com/film/nine-queens/,nine queens,2000,False
Meet the Parents (2000),meet-the-parents,https://letterboxd.com/film/meet-the-parents/,meet the parents,2000,False
Gone in Sixty Seconds (2000),gone-in-sixty-seconds,https://letterboxd.com/film/gone-in-sixty-seconds/,gone in sixty seconds,2000,False
Chicken Run (2000),chicken-run,https://letterboxd.com/film/chicken-run/,chicken run,2000,False
Traffic (2000),traffic,https://letterboxd.com/film/traffic/,traffic,2000,False
Fat Girl (2001),fat-girl,https://letterboxd.com/film/fat-girl/,fat girl,2001,False
The Son's Room (2001),the-sons-room,https://letterboxd.com/film/the-sons-room/,the son's room,2001,False
Kandahar (2001),kandahar,https://letterboxd.com/film/kandahar/,kandahar,2001,False
The Piano Teacher (2001),the-piano-teacher,https://letterboxd.com/film/the-piano-teacher/,the piano teacher,2001,False
What Time Is It There? (2001),what-time-is-it-there,https://letterboxd.com/film/what-time-is-it-there/,what time is it there?,2001,False
Lantana (2001),lantana,https://letterboxd.com/film/lantana/,lantana,2001,False
Y Tu Mamá También (2001),y-tu-mama-tambien,https://letterboxd.com/film/y-tu-mama-tambien/,y tu mamá también,2001,False
A.I. Artificial Intelligence (2001),ai-artificial-intelligence,https://letterboxd.com/film/ai-artificial-intelligence/,a.i. artificial intelligence,2001,False
Monsoon Wedding (2001),monsoon-wedding,https://letterboxd.com/film/monsoon-wedding/,monsoon wedding,2001,False
The Royal Tenenbaums (2001),the-royal-tenenbaums,https://letterboxd.com/film/the-royal-tenenbaums/,the royal tenenbaums,2001,False
Rat Race (2001),rat-race,https://letterboxd.com/film/rat-race/,rat race,2001,False
Blow (2001),blow,https://letterboxd.com/film/blow/,blow,2001,False
Harry Potter and the Philosopher's Stone (2001),harry-potter-and-the-philosophers-stone,https://letterboxd.com/film/harry-potter-and-the-philosophers-stone/,harry potter and the philosopher's stone,2001,False
Shrek (2001),shrek,https://letterboxd.com/film/shrek/,shrek,2001,False
"Monsters, Inc. (2001)",monsters-inc,https://letterboxd.com/film/monsters-inc/,"monsters, inc.",2001,False
Rabbit-Proof Fence (2002),rabbit-proof-fence,https://letterboxd.com/film/rabbit-proof-fence/,rabbit-proof fence,2002,False
Russian Ark (2002),russian-ark,https://letterboxd.com/film/russian-ark/,russian ark,2002,False
Hero (2002),hero-2002,https://letterboxd.com/film/hero-2002/,hero,2002,False
Bus 174 (2002),bus-174,https://letterboxd.com/film/bus-174/,bus 174,2002,False
Adaptation. (2002),adaptation,https://letterboxd.com/film/adaptation/,adaptation.,2002,False
Distant (2002),distant,https://letterboxd.com/film/distant/,distant,2002,False
Ice Age (2002),ice-age,https://letterboxd.com/film/ice-age/,ice age,2002,False
Lilo & Stitch (2002),lilo-stitch,https://letterboxd.com/film/lilo-stitch/,lilo & stitch,2002,False
Spider-Man (2002),spider-man,https://letterboxd.com/film/spider-man/,spider-man,2002,False
Chicago (2002),chicago,https://letterboxd.com/film/chicago/,chicago,2002,False
The Best of Youth (2003),the-best-of-youth,https://letterboxd.com/film/the-best-of-youth/,the best of youth,2003,False
The Barbarian Invasions (2003),the-barbarian-invasions,https://letterboxd.com/film/the-barbarian-invasions/,the barbarian invasions,2003,False
Aileen: Life and Death of a Serial Killer (2003),aileen-life-and-death-of-a-serial-killer,https://letterboxd.com/film/aileen-life-and-death-of-a-serial-killer/,aileen: life and death of a serial killer,2003,False
Johnny English (2003),johnny-english,https://letterboxd.com/film/johnny-english/,johnny english,2003,False
Bruce Almighty (2003),bruce-almighty,https://letterboxd.com/film/bruce-almighty/,bruce almighty,2003,False
Finding Nemo (2003),finding-nemo,https://letterboxd.com/film/finding-nemo/,finding nemo,2003,False
Memories of Murder (2003),memories-of-murder,https://letterboxd.com/film/memories-of-murder/,memories of murder,2003,False
The Consequences of Love (2004),the-consequences-of-love,https://letterboxd.com/film/the-consequences-of-love/,the consequences of love,2004,False
Fahrenheit 9/11 (2004),fahrenheit-9-11,https://letterboxd.com/film/fahrenheit-9-11/,fahrenheit 9/11,2004,False
Collateral (2004),collateral,https://letterboxd.com/film/collateral/,collateral,2004,False
3-Iron (2004),3-iron,https://letterboxd.com/film/3-iron/,3-iron,2004,False
Sideways (2004),sideways,https://letterboxd.com/film/sideways/,sideways,2004,False
Ray (2004),ray-2004,https://letterboxd.com/film/ray-2004/,ray,2004,False
Eternal Sunshine of the Spotless Mind (2004),eternal-sunshine-of-the-spotless-mind,https://letterboxd.com/film/eternal-sunshine-of-the-spotless-mind/,eternal sunshine of the spotless mind,2004,False
Before Sunset (2004),before-sunset,https://letterboxd.com/film/before-sunset/,before sunset,2004,False
Howl's Moving Castle (2004),howls-moving-castle,https://letterboxd.com/film/howls-moving-castle/,howl's moving castle,2004,False
Spider-Man 2 (2004),spider-man-2,https://letterboxd.com/film/spider-man-2/,spider-man 2,2004,False
The Life Aquatic with Steve Zissou (2004),the-life-aquatic-with-steve-zissou,https://letterboxd.com/film/the-life-aquatic-with-steve-zissou/,the life aquatic with steve zissou,2004,False
The Aviator (2004),the-aviator,https://letterboxd.com/film/the-aviator/,the aviator,2004,False
Live and Become (2005),live-and-become,https://letterboxd.com/film/live-and-become/,live and become,2005,False
Paradise Now (2005),paradise-now,https://letterboxd.com/film/paradise-now/,paradise now,2005,False
Caché (2005),cache,https://letterboxd.com/film/cache/,caché,2005,False
The Constant Gardener (2005),the-constant-gardener,https://letterboxd.com/film/the-constant-gardener/,the constant gardener,2005,False
Capote (2005),capote,https://letterboxd.com/film/capote/,capote,2005,False
Green Street Hooligans (2005),green-street-hooligans,https://letterboxd.com/film/green-street-hooligans/,green street hooligans,2005,False
Thank You for Smoking (2005),thank-you-for-smoking,https://letterboxd.com/film/thank-you-for-smoking/,thank you for smoking,2005,False
Madagascar (2005),madagascar,https://letterboxd.com/film/madagascar/,madagascar,2005,False
V for Vendetta (2005),v-for-vendetta,https://letterboxd.com/film/v-for-vendetta/,v for vendetta,2005,False
Goal! (2005),goal-2005,https://letterboxd.com/film/goal-2005/,goal!,2005,False
Wallace & Gromit: The Curse of the Were-Rabbit (2005),wallace-gromit-the-curse-of-the-were-rabbit,https://letterboxd.com/film/wallace-gromit-the-curse-of-the-were-rabbit/,wallace & gromit: the curse of the were-rabbit,2005,False
Kiss Kiss Bang Bang (2005),kiss-kiss-bang-bang-2005,https://letterboxd.com/film/kiss-kiss-bang-bang-2005/,kiss kiss bang bang,2005,False
Volver (2006),volver,https://letterboxd.com/film/volver/,volver,2006,False
United 93 (2006),united-93,https://letterboxd.com/film/united-93/,united 93,2006,False
The Host (2006),the-host,https://letterboxd.com/film/the-host/,the host,2006,False
Babel (2006),babel-2006,https://letterboxd.com/film/babel-2006/,babel,2006,False
The Queen (2006),the-queen-2006,https://letterboxd.com/film/the-queen-2006/,the queen,2006,False
The Pink Panther (2006),the-pink-panther,https://letterboxd.com/film/the-pink-panther/,the pink panther,2006,False
Click (2006),click,https://letterboxd.com/film/click/,click,2006,False
The Devil Wears Prada (2006),the-devil-wears-prada,https://letterboxd.com/film/the-devil-wears-prada/,the devil wears prada,2006,False
Surfwise (2007),surfwise,https://letterboxd.com/film/surfwise/,surfwise,2007,False
Once (2007),once,https://letterboxd.com/film/once/,once,2007,False
The Bourne Ultimatum (2007),the-bourne-ultimatum,https://letterboxd.com/film/the-bourne-ultimatum/,the bourne ultimatum,2007,False
Atonement (2007),atonement,https://letterboxd.com/film/atonement/,atonement,2007,False
Spider-Man 3 (2007),spider-man-3,https://letterboxd.com/film/spider-man-3/,spider-man 3,2007,False
American Gangster (2007),american-gangster,https://letterboxd.com/film/american-gangster/,american gangster,2007,False
Ratatouille (2007),ratatouille,https://letterboxd.com/film/ratatouille/,ratatouille,2007,False
The Darjeeling Limited (2007),the-darjeeling-limited,https://letterboxd.com/film/the-darjeeling-limited/,the darjeeling limited,2007,False
Anvil! The Story of Anvil (2008),anvil-the-story-of-anvil,https://letterboxd.com/film/anvil-the-story-of-anvil/,anvil! the story of anvil,2008,False
WALL·E (2008),walle,https://letterboxd.com/film/walle/,wall·e,2008,False
"The Good, the Bad, the Weird (2008)",the-good-the-bad-the-weird,https://letterboxd.com/film/the-good-the-bad-the-weird/,"the good, the bad, the weird",2008,False
The Wrestler (2008),the-wrestler,https://letterboxd.com/film/the-wrestler/,the wrestler,2008,False
Yes Man (2008),yes-man,https://letterboxd.com/film/yes-man/,yes man,2008,False
Tropic Thunder (2008),tropic-thunder,https://letterboxd.com/film/tropic-thunder/,tropic thunder,2008,False
In Bruges (2008),in-bruges,https://letterboxd.com/film/in-bruges/,in bruges,2008,False
Kung Fu Panda (2008),kung-fu-panda,https://letterboxd.com/film/kung-fu-panda/,kung fu panda,2008,False
RocknRolla (2008),rocknrolla,https://letterboxd.com/film/rocknrolla/,rocknrolla,2008,False
In the Loop (2009),in-the-loop,https://letterboxd.com/film/in-the-loop/,in the loop,2009,False
Fish Tank (2009),fish-tank,https://letterboxd.com/film/fish-tank/,fish tank,2009,False
Precious (2009),precious-2009,https://letterboxd.com/film/precious-2009/,precious,2009,False
Up (2009),up,https://letterboxd.com/film/up/,up,2009,False
Moon (2009),moon,https://letterboxd.com/film/moon/,moon,2009,False
Mary and Max (2009),mary-and-max,https://letterboxd.com/film/mary-and-max/,mary and max,2009,False
Fantastic Mr. Fox (2009),fantastic-mr-fox,https://letterboxd.com/film/fantastic-mr-fox/,fantastic mr. fox,2009,False
Nostalgia for the Light (2010),nostalgia-for-the-light,https://letterboxd.com/film/nostalgia-for-the-light/,nostalgia for the light,2010,False
Toy Story 3 (2010),toy-story-3,https://letterboxd.com/film/toy-story-3/,toy story 3,2010,False
Cave of Forgotten Dreams (2010),cave-of-forgotten-dreams,https://letterboxd.com/film/cave-of-forgotten-dreams/,cave of forgotten dreams,2010,False
Despicable Me (2010),despicable-me,https://letterboxd.com/film/despicable-me/,despicable me,2010,False
Scott Pilgrim vs. the World (2010),scott-pilgrim-vs-the-world,https://letterboxd.com/film/scott-pilgrim-vs-the-world/,scott pilgrim vs. the world,2010,False
Incendies (2010),incendies,https://letterboxd.com/film/incendies/,incendies,2010,False
Le Havre (2011),le-havre,https://letterboxd.com/film/le-havre/,le havre,2011,False
Shame (2011),shame-2011,https://letterboxd.com/film/shame-2011/,shame,2011,False
The Descendants (2011),the-descendants,https://letterboxd.com/film/the-descendants/,the descendants,2011,False
The Girl with the Dragon Tattoo (2011),the-girl-with-the-dragon-tattoo-2011,https://letterboxd.com/film/the-girl-with-the-dragon-tattoo-2011/,the girl with the dragon tattoo,2011,False
In Time (2011),in-time,https://letterboxd.com/film/in-time/,in time,2011,False
Rango (2011),rango,https://letterboxd.com/film/rango/,rango,2011,False
War Horse (2011),war-horse,https://letterboxd.com/film/war-horse/,war horse,2011,False
The Act of Killing (2012),the-act-of-killing,https://letterboxd.com/film/the-act-of-killing/,the act of killing,2012,False
Wadjda (2012),wadjda,https://letterboxd.com/film/wadjda/,wadjda,2012,False
Blancanieves (2012),blancanieves-2012,https://letterboxd.com/film/blancanieves-2012/,blancanieves,2012,False
Les Misérables (2012),les-miserables-2012,https://letterboxd.com/film/les-miserables-2012/,les misérables,2012,False
Seeking a Friend for the End of the World (2012),seeking-a-friend-for-the-end-of-the-world,https://letterboxd.com/film/seeking-a-friend-for-the-end-of-the-world/,seeking a friend for the end of the world,2012,False
The Avengers (2012),the-avengers-2012,https://letterboxd.com/film/the-avengers-2012/,the avengers,2012,False
Silver Linings Playbook (2012),silver-linings-playbook,https://letterboxd.com/film/silver-linings-playbook/,silver linings playbook,2012,False
Moonrise Kingdom (2012),moonrise-kingdom,https://letterboxd.com/film/moonrise-kingdom/,moonrise kingdom,2012,False
The Dark Knight Rises (2012),the-dark-knight-rises,https://letterboxd.com/film/the-dark-knight-rises/,the dark knight rises,2012,False
A Touch of Sin (2013),a-touch-of-sin,https://letterboxd.com/film/a-touch-of-sin/,a touch of sin,2013,False
Inside Llewyn Davis (2013),inside-llewyn-davis,https://letterboxd.com/film/inside-llewyn-davis/,inside llewyn davis,2013,False
The Great Beauty (2013),the-great-beauty,https://letterboxd.com/film/the-great-beauty/,the great beauty,2013,False
Nebraska (2013),nebraska,https://letterboxd.com/film/nebraska/,nebraska,2013,False
Under the Skin (2013),under-the-skin-2013,https://letterboxd.com/film/under-the-skin-2013/,under the skin,2013,False
Ida (2013),ida,https://letterboxd.com/film/ida/,ida,2013,False
The Great Gatsby (2013),the-great-gatsby-2013,https://letterboxd.com/film/the-great-gatsby-2013/,the great gatsby,2013,False
Now You See Me (2013),now-you-see-me,https://letterboxd.com/film/now-you-see-me/,now you see me,2013,False
Rush (2013),rush-2013,https://letterboxd.com/film/rush-2013/,rush,2013,False
Begin Again (2013),begin-again,https://letterboxd.com/film/begin-again/,begin again,2013,False
The Tale of The Princess Kaguya (2013),the-tale-of-the-princess-kaguya,https://letterboxd.com/film/the-tale-of-the-princess-kaguya/,the tale of the princess kaguya,2013,False
Before Midnight (2013),before-midnight,https://letterboxd.com/film/before-midnight/,before midnight,2013,False
The Secret Life of Walter Mitty (2013),the-secret-life-of-walter-mitty-2013,https://letterboxd.com/film/the-secret-life-of-walter-mitty-2013/,the secret life of walter mitty,2013,False
American Hustle (2013),american-hustle,https://letterboxd.com/film/american-hustle/,american hustle,2013,False
Boyhood (2014),boyhood,https://letterboxd.com/film/boyhood/,boyhood,2014,False
The Grand Budapest Hotel (2014),the-grand-budapest-hotel,https://letterboxd.com/film/the-grand-budapest-hotel/,the grand budapest hotel,2014,False
Guardians of the Galaxy (2014),guardians-of-the-galaxy,https://letterboxd.com/film/guardians-of-the-galaxy/,guardians of the galaxy,2014,False
Birdman or (The Unexpected Virtue of Ignorance) (2014),birdman-or-the-unexpected-virtue-of-ignorance,https://letterboxd.com/film/birdman-or-the-unexpected-virtue-of-ignorance/,birdman or (the unexpected virtue of ignorance),2014,False
The Look of Silence (2014),the-look-of-silence,https://letterboxd.com/film/the-look-of-silence/,the look of silence,2014,False
Citizenfour (2014),citizenfour,https://letterboxd.com/film/citizenfour/,citizenfour,2014,False
Fury (2014),fury-2014,https://letterboxd.com/film/fury-2014/,fury,2014,False
The Imitation Game (2014),the-imitation-game,https://letterboxd.com/film/the-imitation-game/,the imitation game,2014,False
John Wick (2014),john-wick,https://letterboxd.com/film/john-wick/,john wick,2014,False
Paddington (2014),paddington,https://letterboxd.com/film/paddington/,paddington,2014,False
Edge of Tomorrow (2014),edge-of-tomorrow,https://letterboxd.com/film/edge-of-tomorrow/,edge of tomorrow,2014,False
Chef (2014),chef,https://letterboxd.com/film/chef/,chef,2014,False
Song of the Sea (2014),song-of-the-sea,https://letterboxd.com/film/song-of-the-sea/,song of the sea,2014,False
Gone Girl (2014),gone-girl,https://letterboxd.com/film/gone-girl/,gone girl,2014,False
The Tribe (2014),the-tribe-2014,https://letterboxd.com/film/the-tribe-2014/,the tribe,2014,False
Tangerine (2015),tangerine,https://letterboxd.com/film/tangerine/,tangerine,2015,False
Victoria (2015),victoria-2015,https://letterboxd.com/film/victoria-2015/,victoria,2015,False
Son of Saul (2015),son-of-saul,https://letterboxd.com/film/son-of-saul/,son of saul,2015,False
Bridge of Spies (2015),bridge-of-spies,https://letterboxd.com/film/bridge-of-spies/,bridge of spies,2015,False
Burnt (2015),burnt,https://letterboxd.com/film/burnt/,burnt,2015,False
Sicario (2015),sicario-2015,https://letterboxd.com/film/sicario-2015/,sicario,2015,False
The Lobster (2015),the-lobster,https://letterboxd.com/film/the-lobster/,the lobster,2015,False
Chappie (2015),chappie,https://letterboxd.com/film/chappie/,chappie,2015,False
The Intern (2015),the-intern-2015,https://letterboxd.com/film/the-intern-2015/,the intern,2015,False
Focus (2015),focus-2015,https://letterboxd.com/film/focus-2015/,focus,2015,False
Demolition (2015),demolition,https://letterboxd.com/film/demolition/,demolition,2015,False
Ex Machina (2015),ex-machina-2015,https://letterboxd.com/film/ex-machina-2015/,ex machina,2015,False
Brooklyn (2015),brooklyn,https://letterboxd.com/film/brooklyn/,brooklyn,2015,False
Southpaw (2015),southpaw-2015,https://letterboxd.com/film/southpaw-2015/,southpaw,2015,False
Under the Shadow (2016),under-the-shadow,https://letterboxd.com/film/under-the-shadow/,under the shadow,2016,False
Manchester by the Sea (2016),manchester-by-the-sea,https://letterboxd.com/film/manchester-by-the-sea/,manchester by the sea,2016,False
The Jungle Book (2016),the-jungle-book-2016,https://letterboxd.com/film/the-jungle-book-2016/,the jungle book,2016,False
"I, Daniel Blake (2016)",i-daniel-blake,https://letterboxd.com/film/i-daniel-blake/,"i, daniel blake",2016,False
The Handmaiden (2016),the-handmaiden,https://letterboxd.com/film/the-handmaiden/,the handmaiden,2016,False
Toni Erdmann (2016),toni-erdmann,https://letterboxd.com/film/toni-erdmann/,toni erdmann,2016,False
Hell or High Water (2016),hell-or-high-water,https://letterboxd.com/film/hell-or-high-water/,hell or high water,2016,False
Arrival (2016),arrival-2016,https://letterboxd.com/film/arrival-2016/,arrival,2016,False
Moonlight (2016),moonlight-2016,https://letterboxd.com/film/moonlight-2016/,moonlight,2016,False
Dawson City: Frozen Time (2016),dawson-city-frozen-time,https://letterboxd.com/film/dawson-city-frozen-time/,dawson city: frozen time,2016,False
Jackie (2016),jackie-2016,https://letterboxd.com/film/jackie-2016/,jackie,2016,False
Lady Macbeth (2016),lady-macbeth,https://letterboxd.com/film/lady-macbeth/,lady macbeth,2016,False
Sully (2016),sully,https://letterboxd.com/film/sully/,sully,2016,False
Perfect Strangers (2016),perfect-strangers-2016,https://letterboxd.com/film/perfect-strangers-2016/,perfect strangers,2016,False
Hacksaw Ridge (2016),hacksaw-ridge,https://letterboxd.com/film/hacksaw-ridge/,hacksaw ridge,2016,False
The Nice Guys (2016),the-nice-guys,https://letterboxd.com/film/the-nice-guys/,the nice guys,2016,False
13th (2016),13th,https://letterboxd.com/film/13th/,13th,2016,False
Call Me by Your Name (2017),call-me-by-your-name,https://letterboxd.com/film/call-me-by-your-name/,call me by your name,2017,False
Get Out (2017),get-out-2017,https://letterboxd.com/film/get-out-2017/,get out,2017,False
The Shape of Water (2017),the-shape-of-water,https://letterboxd.com/film/the-shape-of-water/,the shape of water,2017,False
Lady Bird (2017),lady-bird,https://letterboxd.com/film/lady-bird/,lady bird,2017,False
"Three Billboards Outside Ebbing, Missouri (2017)",three-billboards-outside-ebbing-missouri,https://letterboxd.com/film/three-billboards-outside-ebbing-missouri/,"three billboards outside ebbing, missouri",2017,False
mother! (2017),mother-2017,https://letterboxd.com/film/mother-2017/,mother!,2017,False
The Greatest Showman (2017),the-greatest-showman,https://letterboxd.com/film/the-greatest-showman/,the greatest showman,2017,False
Phantom Thread (2017),phantom-thread,https://letterboxd.com/film/phantom-thread/,phantom thread,2017,False
Baby Driver (2017),baby-driver,https://letterboxd.com/film/baby-driver/,baby driver,2017,False
The Disaster Artist (2017),the-disaster-artist,https://letterboxd.com/film/the-disaster-artist/,the disaster artist,2017,False
"I, Tonya (2017)",i-tonya,https://letterboxd.com/film/i-tonya/,"i, tonya",2017,False
Logan (2017),logan-2017,https://letterboxd.com/film/logan-2017/,logan,2017,False
Loving Vincent (2017),loving-vincent,https://letterboxd.com/film/loving-vincent/,loving vincent,2017,False
Darkest Hour (2017),darkest-hour,https://letterboxd.com/film/darkest-hour/,darkest hour,2017,False
Coco (2017),coco-2017,https://letterboxd.com/film/coco-2017/,coco,2017,False
Cyborgs (2017),cyborgs,https://letterboxd.com/film/cyborgs/,cyborgs,2017,False
Paddington 2 (2017),paddington-2,https://letterboxd.com/film/paddington-2/,paddington 2,2017,False
Murder on the Orient Express (2017),murder-on-the-orient-express-2017,https://letterboxd.com/film/murder-on-the-orient-express-2017/,murder on the orient express,2017,False
Sorry to Bother You (2018),sorry-to-bother-you,https://letterboxd.com/film/sorry-to-bother-you/,sorry to bother you,2018,False
Hereditary (2018),hereditary,https://letterboxd.com/film/hereditary/,hereditary,2018,False
BlacKkKlansman (2018),blackkklansman,https://letterboxd.com/film/blackkklansman/,blackkklansman,2018,False
Capernaum (2018),capernaum,https://letterboxd.com/film/capernaum/,capernaum,2018,False
Crazy Rich Asians (2018),crazy-rich-asians,https://letterboxd.com/film/crazy-rich-asians/,crazy rich asians,2018,False
The Favourite (2018),the-favourite,https://letterboxd.com/film/the-favourite/,the favourite,2018,False
Under the Silver Lake (2018),under-the-silver-lake,https://letterboxd.com/film/under-the-silver-lake/,under the silver lake,2018,False
A Star Is Born (2018),a-star-is-born-2018,https://letterboxd.com/film/a-star-is-born-2018/,a star is born,2018,False
Vice (2018),vice-2018,https://letterboxd.com/film/vice-2018/,vice,2018,False
Tag (2018),tag-2018,https://letterboxd.com/film/tag-2018/,tag,2018,False
The Man Who Killed Don Quixote (2018),the-man-who-killed-don-quixote,https://letterboxd.com/film/the-man-who-killed-don-quixote/,the man who killed don quixote,2018,False
A Quiet Place (2018),a-quiet-place-2018,https://letterboxd.com/film/a-quiet-place-2018/,a quiet place,2018,False
Isle of Dogs (2018),isle-of-dogs-2018,https://letterboxd.com/film/isle-of-dogs-2018/,isle of dogs,2018,False
The Farewell (2019),the-farewell-2019,https://letterboxd.com/film/the-farewell-2019/,the farewell,2019,False
Monos (2019),monos,https://letterboxd.com/film/monos/,monos,2019,False
The Vast of Night (2019),the-vast-of-night,https://letterboxd.com/film/the-vast-of-night/,the vast of night,2019,False
Booksmart (2019),booksmart,https://letterboxd.com/film/booksmart/,booksmart,2019,False
For Sama (2019),for-sama,https://letterboxd.com/film/for-sama/,for sama,2019,False
Avengers: Endgame (2019),avengers-endgame,https://letterboxd.com/film/avengers-endgame/,avengers: endgame,2019,False
The Lighthouse (2019),the-lighthouse-2019,https://letterboxd.com/film/the-lighthouse-2019/,the lighthouse,2019,False
Portrait of a Lady on Fire (2019),portrait-of-a-lady-on-fire,https://letterboxd.com/film/portrait-of-a-lady-on-fire/,portrait of a lady on fire,2019,False
Parasite (2019),parasite-2019,https://letterboxd.com/film/parasite-2019/,parasite,2019,False
Toy Story 4 (2019),toy-story-4,https://letterboxd.com/film/toy-story-4/,toy story 4,2019,False
The Assistant (2019),the-assistant-2019,https://letterboxd.com/film/the-assistant-2019/,the assistant,2019,False
Rocks (2019),rocks-2019,https://letterboxd.com/film/rocks-2019/,rocks,2019,False
Saint Maud (2019),saint-maud,https://letterboxd.com/film/saint-maud/,saint maud,2019,False
My Thoughts Are Silent (2019),my-thoughts-are-silent,https://letterboxd.com/film/my-thoughts-are-silent/,my thoughts are silent,2019,False
1917 (2019),1917,https://letterboxd.com/film/1917/,1917,2019,False
Knives Out (2019),knives-out-2019,https://letterboxd.com/film/knives-out-2019/,knives out,2019,False
Richard Jewell (2019),richard-jewell,https://letterboxd.com/film/richard-jewell/,richard jewell,2019,False
Klaus (2019),klaus,https://letterboxd.com/film/klaus/,klaus,2019,False
The Gentlemen (2019),the-gentlemen,https://letterboxd.com/film/the-gentlemen/,the gentlemen,2019,False
Atlantis (2019),atlantis-2019,https://letterboxd.com/film/atlantis-2019/,atlantis,2019,False
Homeward (2019),homeward-2019,https://letterboxd.com/film/homeward-2019/,homeward,2019,False
Little Women (2019),little-women-2019,https://letterboxd.com/film/little-women-2019/,little women,2019,False
Never Rarely Sometimes Always (2020),never-rarely-sometimes-always,https://letterboxd.com/film/never-rarely-sometimes-always/,never rarely sometimes always,2020,False
Nomadland (2020),nomadland,https://letterboxd.com/film/nomadland/,nomadland,2020,False
Lovers Rock (2020),lovers-rock-2020,https://letterboxd.com/film/lovers-rock-2020/,lovers rock,2020,False
Soul (2020),soul-2020,https://letterboxd.com/film/soul-2020/,soul,2020,False
The Father (2020),the-father-2020,https://letterboxd.com/film/the-father-2020/,the father,2020,False
The Earth Is Blue as an Orange (2020),the-earth-is-blue-as-an-orange,https://letterboxd.com/film/the-earth-is-blue-as-an-orange/,the earth is blue as an orange,2020,False
Ma Rainey's Black Bottom (2020),ma-raineys-black-bottom,https://letterboxd.com/film/ma-raineys-black-bottom/,ma rainey's black bottom,2020,False
Drive My Car (2021),drive-my-car,https://letterboxd.com/film/drive-my-car/,drive my car,2021,False
King Richard (2021),king-richard,https://letterboxd.com/film/king-richard/,king richard,2021,False
Belfast (2021),belfast,https://letterboxd.com/film/belfast/,belfast,2021,False
“Slovo” House. Unfinished Novel (2021),slovo-house-unfinished-novel,https://letterboxd.com/film/slovo-house-unfinished-novel/,“slovo” house. unfinished novel,2021,False
Stop-Zemlia (2021),stop-zemlia,https://letterboxd.com/film/stop-zemlia/,stop-zemlia,2021,False
"tick, tick... BOOM! (2021)",tick-tick-boom-2021,https://letterboxd.com/film/tick-tick-boom-2021/,"tick, tick... boom!",2021,False
The Banshees of Inisherin (2022),the-banshees-of-inisherin,https://letterboxd.com/film/the-banshees-of-inisherin/,the banshees of inisherin,2022,False
The Whale (2022),the-whale-2022,https://letterboxd.com/film/the-whale-2022/,the whale,2022,False
Triangle of Sadness (2022),triangle-of-sadness,https://letterboxd.com/film/triangle-of-sadness/,triangle of sadness,2022,False
Hundreds of Beavers (2022),hundreds-of-beavers,https://letterboxd.com/film/hundreds-of-beavers/,hundreds of beavers,2022,False
Babylon (2022),babylon-2022,https://letterboxd.com/film/babylon-2022/,babylon,2022,False
The Fabelmans (2022),the-fabelmans,https://letterboxd.com/film/the-fabelmans/,the fabelmans,2022,False
Everything Everywhere All at Once (2022),everything-everywhere-all-at-once,https://letterboxd.com/film/everything-everywhere-all-at-once/,everything everywhere all at once,2022,False
The First Slam Dunk (2022),the-first-slam-dunk,https://letterboxd.com/film/the-first-slam-dunk/,the first slam dunk,2022,False
A Man Called Otto (2022),a-man-called-otto,https://letterboxd.com/film/a-man-called-otto/,a man called otto,2022,False
The Bad Guys (2022),the-bad-guys-2022,https://letterboxd.com/film/the-bad-guys-2022/,the bad guys,2022,False
Pamfir (2022),pamfir,https://letterboxd.com/film/pamfir/,pamfir,2022,False
Hustle (2022),hustle-2022,https://letterboxd.com/film/hustle-2022/,hustle,2022,False
Butterfly Vision (2022),butterfly-vision,https://letterboxd.com/film/butterfly-vision/,butterfly vision,2022,False
The Batman (2022),the-batman,https://letterboxd.com/film/the-batman/,the batman,2022,False
The Super Mario Bros. Movie (2023),the-super-mario-bros-movie,https://letterboxd.com/film/the-super-mario-bros-movie/,the super mario bros. movie,2023,False
The Zone of Interest (2023),the-zone-of-interest,https://letterboxd.com/film/the-zone-of-interest/,the zone of interest,2023,False
Maestro (2023),maestro-2023,https://letterboxd.com/film/maestro-2023/,maestro,2023,False
The Iron Claw (2023),the-iron-claw-2023,https://letterboxd.com/film/the-iron-claw-2023/,the iron claw,2023,False
20 Days in Mariupol (2023),20-days-in-mariupol,https://letterboxd.com/film/20-days-in-mariupol/,20 days in mariupol,2023,False
The Holdovers (2023),the-holdovers,https://letterboxd.com/film/the-holdovers/,the holdovers,2023,False
John Wick: Chapter 4 (2023),john-wick-chapter-4,https://letterboxd.com/film/john-wick-chapter-4/,john wick: chapter 4,2023,False
Killers of the Flower Moon (2023),killers-of-the-flower-moon,https://letterboxd.com/film/killers-of-the-flower-moon/,killers of the flower moon,2023,False
Gran Turismo (2023),gran-turismo,https://letterboxd.com/film/gran-turismo/,gran turismo,2023,False
Past Lives (2023),past-lives,https://letterboxd.com/film/past-lives/,past lives,2023,False
Air (2023),air-2023,https://letterboxd.com/film/air-2023/,air,2023,False
Dovbush (2023),dovbush,https://letterboxd.com/film/dovbush/,dovbush,2023,False
Spider-Man: Across the Spider-Verse (2023),spider-man-across-the-spider-verse,https://letterboxd.com/film/spider-man-across-the-spider-verse/,spider-man: across the spider-verse,2023,False
Perfect Days (2023),perfect-days-2023,https://letterboxd.com/film/perfect-days-2023/,perfect days,2023,False
Poor Things (2023),poor-things-2023,https://letterboxd.com/film/poor-things-2023/,poor things,2023,False
Longlegs (2024),longlegs,https://letterboxd.com/film/longlegs/,longlegs,2024,False
Flow (2024),flow-2024,https://letterboxd.com/film/flow-2024/,flow,2024,False
Heretic (2024),heretic-2024,https://letterboxd.com/film/heretic-2024/,heretic,2024,False
Juror #2 (2024),juror-2,https://letterboxd.com/film/juror-2/,juror #2,2024,False
A Different Man (2024),a-different-man,https://letterboxd.com/film/a-different-man/,a different man,2024,False
The Apprentice (2024),the-apprentice-2024,https://letterboxd.com/film/the-apprentice-2024/,the apprentice,2024,False
Nickel Boys (2024),nickel-boys,https://letterboxd.com/film/nickel-boys/,nickel boys,2024,False
Memoir of a Snail (2024),memoir-of-a-snail,https://letterboxd.com/film/memoir-of-a-snail/,memoir of a snail,2024,False
September 5 (2024),september-5,https://letterboxd.com/film/september-5/,september 5,2024,False
I'm Still Here (2024),im-still-here-2024,https://letterboxd.com/film/im-still-here-2024/,i'm still here,2024,False
The Wild Robot (2024),the-wild-robot,https://letterboxd.com/film/the-wild-robot/,the wild robot,2024,False
Saturday Night (2024),saturday-night-2024,https://letterboxd.com/film/saturday-night-2024/,saturday night,2024,False
A Real Pain (2024),a-real-pain,https://letterboxd.com/film/a-real-pain/,a real pain,2024,False
Civil War (2024),civil-war-2024,https://letterboxd.com/film/civil-war-2024/,civil war,2024,False
Yaremchuk: Matchless World of Beauty (2024),yaremchuk-matchless-world-of-beauty,https://letterboxd.com/film/yaremchuk-matchless-world-of-beauty/,yaremchuk: matchless world of beauty,2024,False
Conclave (2024),conclave,https://letterboxd.com/film/conclave/,conclave,2024,False
Challengers (2024),challengers,https://letterboxd.com/film/challengers/,challengers,2024,False
The Substance (2024),the-substance,https://letterboxd.com/film/the-substance/,the substance,2024,False
The Brutalist (2024),the-brutalist,https://letterboxd.com/film/the-brutalist/,the brutalist,2024,False
We Live in Time (2024),we-live-in-time,https://letterboxd.com/film/we-live-in-time/,we live in time,2024,False
Under the Volcano (2024),under-the-volcano-2024,https://letterboxd.com/film/under-the-volcano-2024/,under the volcano,2024,False
Mickey 17 (2025),mickey-17,https://letterboxd.com/film/mickey-17/,mickey 17,2025,False
Sinners (2025),sinners-2025,https://letterboxd.com/film/sinners-2025/,sinners,2025,False
2000 Meters to Andriivka (2025),2000-meters-to-andriivka,https://letterboxd.com/film/2000-meters-to-andriivka/,2000 meters to andriivka,2025,False
Weapons (2025),weapons-2025,https://letterboxd.com/film/weapons-2025/,weapons,2025,False
One Battle After Another (2025),one-battle-after-another,https://letterboxd.com/film/one-battle-after-another/,one battle after another,2025,False
U Are the Universe (2024),u-are-the-universe,https://letterboxd.com/film/u-are-the-universe/,u are the universe,2024,False
Project Hail Mary (2026),project-hail-mary,https://letterboxd.com/film/project-hail-mary/,project hail mary,2026,False
